{
  "train_loss": [
    0.7727296716637082,
    0.4054279896605517,
    0.3197022496340832,
    0.27987120279121674,
    0.2418594639748335,
    0.22773183067240022,
    0.20661549945272706,
    0.1943784575709552,
    0.1841725383410623,
    0.16357901186407525,
    0.16950821648155592,
    0.1393997418654947,
    0.12134705538508193,
    0.10812433570323662,
    0.10656420373397084,
    0.10078591742049689,
    0.09607144470158893,
    0.10031800909267588,
    0.09572664343741262,
    0.09093625984293804
  ],
  "train_acc": [
    71.51420692962475,
    85.84102625584462,
    88.55053350917156,
    89.97722095671982,
    91.59573192662751,
    92.02733485193622,
    92.91451864284858,
    93.07037525476562,
    93.65783479199136,
    94.13739359788994,
    94.20932741877473,
    95.18043400071934,
    95.8997722095672,
    96.39131998561324,
    96.34336410502338,
    96.63109938856252,
    96.87087879151181,
    96.58314350797266,
    96.9428126123966,
    96.93082364224914
  ],
  "val_loss": [
    0.2659384955962499,
    0.19071638524189763,
    0.18375473275737858,
    0.15129728125001507,
    0.14195953793395524,
    0.12478819033452149,
    0.11699175933140447,
    0.11916812705732453,
    0.12973974538624458,
    0.15167677589831338,
    0.13118088421754368,
    0.11070132929157338,
    0.11277146357909144,
    0.11450602441903032,
    0.11239975070093769,
    0.10613523268451293,
    0.10408349514767613,
    0.10445483690850309,
    0.10184227756154991,
    0.10549308913599315
  ],
  "val_acc": [
    90.71942446043165,
    94.20863309352518,
    93.7410071942446,
    95.28776978417267,
    95.32374100719424,
    96.15107913669065,
    96.18705035971223,
    95.97122302158273,
    96.07913669064749,
    95.97122302158273,
    96.33093525179856,
    96.65467625899281,
    96.51079136690647,
    96.61870503597122,
    96.65467625899281,
    96.90647482014388,
    96.83453237410072,
    96.97841726618705,
    97.01438848920863,
    96.87050359712231
  ]
}