{
  "train_loss": [
    0.9845365339091846,
    0.6754849968211991,
    0.5251422827797276,
    0.4121315037565572,
    0.3768114377079265,
    0.33457810285368134,
    0.27843959177178995,
    0.24062488554045558,
    0.1542927960066923,
    0.07647264512654926,
    0.05692814481777272,
    0.05080287343922204,
    0.035001167204297544,
    0.0350375735101157,
    0.02909759271798456,
    0.028985135776955367,
    0.0251746931109145,
    0.028839264027608027,
    0.01812944016273832,
    0.027092033336105357,
    0.021420872123729038,
    0.027509542564595386,
    0.023739422480243126
  ],
  "train_acc": [
    65.89366515837104,
    78.16742081447964,
    82.46606334841628,
    86.31221719457014,
    86.76470588235294,
    89.36651583710407,
    91.17647058823529,
    92.08144796380091,
    94.73981900452489,
    97.51131221719457,
    98.69909502262443,
    98.47285067873302,
    99.09502262443439,
    99.03846153846153,
    99.37782805429865,
    99.43438914027149,
    99.37782805429865,
    99.43438914027149,
    99.71719457013575,
    99.32126696832579,
    99.6606334841629,
    99.2081447963801,
    99.32126696832579
  ],
  "val_loss": [
    0.9625889807939529,
    0.6838846802711487,
    2.628554125626882,
    0.5263838271299998,
    0.7079686646660169,
    1.0432036370038986,
    1.1354130605856578,
    0.9514269133408865,
    0.33341099073489505,
    0.32581742480397224,
    0.3207510287563006,
    0.3207148027916749,
    0.324113296965758,
    0.3464735516657432,
    0.3422377885629733,
    0.342337632086128,
    0.3298316306124131,
    0.3323799365510543,
    0.3307931146894892,
    0.3339264240736763,
    0.34936250078802306,
    0.3479969687759876,
    0.3236123537644744
  ],
  "val_acc": [
    70.18469656992085,
    75.72559366754618,
    48.54881266490765,
    79.94722955145119,
    79.94722955145119,
    69.92084432717678,
    79.41952506596306,
    74.40633245382585,
    88.39050131926122,
    88.91820580474933,
    89.44591029023746,
    88.91820580474933,
    89.1820580474934,
    90.50131926121372,
    90.23746701846966,
    90.50131926121372,
    90.76517150395779,
    91.02902374670185,
    90.23746701846966,
    89.9736147757256,
    90.50131926121372,
    90.76517150395779,
    90.76517150395779
  ]
}