{
  "train_loss": [
    0.915927511864695,
    0.6787070389337466,
    0.5969533820376085,
    0.559037950960384,
    0.5435561378168877,
    0.5160432765510119,
    0.4905735447688806,
    0.5044267045626581,
    0.43610941224028554,
    0.395071802974832,
    0.41198234659373417,
    0.40345648892395114,
    0.4020453875213576,
    0.4006405316393152,
    0.37622067299082707,
    0.4281856204450873,
    0.3854608394640901,
    0.40703164494214616,
    0.4155332946479035,
    0.37912487533029127,
    0.3751271137810701,
    0.3358150298539478,
    0.3922617766271092,
    0.3749818664786345,
    0.36354636999696377,
    0.39300481281225425,
    0.3763668755768759,
    0.3854028058141984,
    0.3845638275517586
  ],
  "train_acc": [
    70.85481357151421,
    80.64980218199257,
    85.67318067378012,
    87.61539383766934,
    88.41865483754945,
    89.06605922551253,
    90.02517683730967,
    89.5456180314111,
    91.78755544898694,
    92.99844143388083,
    92.62678335930944,
    92.9384965831435,
    92.37501498621269,
    92.32705910562282,
    92.45893777724494,
    91.45186428485793,
    93.03440834432323,
    92.49490468768732,
    92.35103704591775,
    92.72269512048915,
    93.56192303081166,
    93.77772449346601,
    92.14722455341087,
    91.89545618031411,
    92.72269512048915,
    92.89054070255365,
    92.8425848219638,
    92.53087159812972,
    92.41098189665507
  ],
  "val_loss": [
    0.37784295100932835,
    0.22917799428961744,
    0.1890729837890329,
    0.1659340428124214,
    0.18895783810608688,
    0.17932854091812825,
    0.17797480806194502,
    0.19572005258209405,
    0.1395153283173668,
    0.12820907309651375,
    0.1300792600317248,
    0.1367889433756642,
    0.13458184028665224,
    0.13186151033331608,
    0.12544781183716894,
    0.12909523106511983,
    0.1325977054563747,
    0.13987740257690692,
    0.1358348887799115,
    0.12382652779677134,
    0.11916661746371751,
    0.12124310290419507,
    0.1317345518404725,
    0.12553502542191539,
    0.12205113849506297,
    0.1285307396674293,
    0.12305286888504165,
    0.1228370479811197,
    0.12666216235736322
  ],
  "val_acc": [
    86.79856115107914,
    92.26618705035972,
    94.42446043165468,
    95.35971223021583,
    94.53237410071942,
    94.60431654676259,
    95.28776978417267,
    94.56834532374101,
    96.18705035971223,
    96.69064748201438,
    96.58273381294964,
    96.69064748201438,
    96.72661870503597,
    96.51079136690647,
    96.65467625899281,
    96.83453237410072,
    96.72661870503597,
    96.79856115107914,
    96.76258992805755,
    96.69064748201438,
    96.83453237410072,
    96.87050359712231,
    96.65467625899281,
    96.87050359712231,
    96.83453237410072,
    96.65467625899281,
    96.58273381294964,
    96.58273381294964,
    96.83453237410072
  ]
}