{
  "train_loss": [
    1.3484179515923773,
    1.165778562426567,
    1.0901326132672173,
    1.088029788008758,
    1.0160880541162831,
    0.9827235005795956,
    1.0437255703977175,
    1.034387081861496,
    0.9561040247125285,
    0.9245371046875205,
    0.9209616418395724,
    0.8145886888461453,
    0.9237511003656047,
    0.915424280400787,
    0.8388029110750982,
    0.8471733927726746,
    0.7930944370371955,
    0.7935346937073129,
    0.7100719176232815,
    0.6893353228058133,
    0.587466221834932,
    0.6180101079600198,
    0.6794426521020276,
    0.6262278381202903
  ],
  "train_acc": [
    50.79185520361991,
    59.671945701357465,
    63.574660633484164,
    65.21493212669684,
    67.02488687782805,
    68.83484162895928,
    66.23303167420815,
    67.47737556561086,
    70.8710407239819,
    71.4366515837104,
    72.00226244343891,
    74.03846153846153,
    71.60633484162896,
    72.73755656108597,
    75.67873303167421,
    73.52941176470588,
    76.92307692307692,
    77.48868778280543,
    81.27828054298642,
    81.61764705882354,
    82.63574660633485,
    83.42760180995475,
    82.97511312217195,
    83.76696832579185
  ],
  "val_loss": [
    1.1052523950735729,
    0.9298084030548731,
    1.1789839416742325,
    0.7357956568400065,
    0.6999808847904205,
    0.8709645569324493,
    0.6595343723893166,
    0.6121140619119009,
    0.6120268851518631,
    0.6731799120704333,
    0.572153776884079,
    0.6374058922131857,
    0.46820904066165286,
    0.732171356678009,
    0.7003874480724335,
    0.5515512625376383,
    0.49872827778259915,
    0.3761669161419074,
    0.3495641735692819,
    0.3490648518006007,
    0.35081293682257336,
    0.3350086535016696,
    0.3330099768936634,
    0.3354225295285384
  ],
  "val_acc": [
    58.047493403693935,
    68.3377308707124,
    55.4089709762533,
    74.14248021108179,
    77.04485488126649,
    64.64379947229551,
    77.04485488126649,
    78.89182058047493,
    79.68337730870712,
    78.10026385224275,
    80.47493403693932,
    79.94722955145119,
    82.84960422163589,
    76.78100263852242,
    77.30870712401055,
    82.32189973614776,
    81.2664907651715,
    87.33509234828496,
    89.44591029023746,
    88.91820580474933,
    89.1820580474934,
    88.39050131926122,
    89.44591029023746,
    88.91820580474933
  ]
}