{
  "train_loss": [
    1.3390085069196564,
    1.2065442928246088,
    1.0921892172523908,
    1.0723955322589194,
    1.0475163039352213,
    0.9178625329264573,
    0.9359871835580894,
    0.9009497788335595,
    0.8911089678960187,
    0.9092276910586017,
    0.8592033721506596,
    0.7960297231163297,
    0.7985656399812017,
    0.820468397544963,
    0.8108780847064087,
    0.7426271635506835,
    0.6753635536879301,
    0.5898337851145438,
    0.6420902545963015,
    0.6138077716210059,
    0.5606379477041108,
    0.5945962800511292,
    0.559793159365654,
    0.5434930065114584,
    0.5712286827287504,
    0.6087104773947171,
    0.5463103896805218,
    0.5725597215683332,
    0.5631283939416919,
    0.4895678955529417,
    0.5610634885462267,
    0.5774776242407305,
    0.5676134172827005,
    0.4817275465466082,
    0.4701194360719195,
    0.4979258807642119,
    0.41912462236359715,
    0.5580838876111167,
    0.5497323673750673,
    0.46777078529287663,
    0.4545795927489443,
    0.5340207343854543,
    0.5586359233795,
    0.4430677782345031,
    0.48358332538711174
  ],
  "train_acc": [
    52.94117647058823,
    57.86199095022624,
    61.14253393665158,
    63.85746606334842,
    66.8552036199095,
    70.41855203619909,
    71.210407239819,
    69.79638009049773,
    73.69909502262443,
    70.92760180995475,
    72.28506787330316,
    75.16968325791855,
    75.1131221719457,
    75.3393665158371,
    75.73529411764706,
    80.20361990950227,
    79.41176470588235,
    82.74886877828054,
    83.08823529411765,
    81.56108597285068,
    84.10633484162896,
    83.5972850678733,
    87.3868778280543,
    85.85972850678733,
    86.02941176470588,
    82.86199095022624,
    85.57692307692308,
    87.6131221719457,
    85.74660633484163,
    88.23529411764706,
    86.25565610859728,
    87.21719457013575,
    85.91628959276018,
    88.57466063348416,
    87.27375565610859,
    86.02941176470588,
    88.91402714932127,
    87.0475113122172,
    84.67194570135747,
    89.19683257918552,
    89.76244343891403,
    88.57466063348416,
    87.33031674208145,
    89.25339366515837,
    90.61085972850678
  ],
  "val_loss": [
    1.0834359228610992,
    0.8765568286180496,
    0.7549050052960714,
    0.7898072948058447,
    0.7661266972621282,
    0.9031439969937006,
    0.6923113713661829,
    0.6060791909694672,
    0.6144198750456175,
    0.4735983485976855,
    0.5614333152770996,
    0.6725064516067505,
    0.8357067704200745,
    0.5258952130873998,
    0.416475181778272,
    0.40346023192008335,
    0.385606586933136,
    0.37705179303884506,
    0.3724338250855605,
    0.3426477089524269,
    0.33756657503545284,
    0.35604480902353924,
    0.34548573692639667,
    0.33208513011535007,
    0.33674680565794307,
    0.33727927257617313,
    0.34320844026903313,
    0.3141849550108115,
    0.3239571042358875,
    0.3095441497862339,
    0.31944098323583603,
    0.30806865232686204,
    0.3172997211416562,
    0.330629729355375,
    0.3052087239921093,
    0.334753663589557,
    0.3197590472797553,
    0.31123512983322144,
    0.3162461097041766,
    0.29121026024222374,
    0.29071631903449696,
    0.29582110171516734,
    0.2914307912190755,
    0.27882846879462403,
    0.2813139744102955
  ],
  "val_acc": [
    59.63060686015831,
    68.86543535620052,
    74.40633245382585,
    73.61477572559367,
    80.47493403693932,
    68.86543535620052,
    76.2532981530343,
    79.41952506596306,
    78.89182058047493,
    84.69656992084433,
    81.2664907651715,
    78.36411609498681,
    73.61477572559367,
    82.05804749340369,
    86.54353562005277,
    87.59894459102902,
    86.54353562005277,
    88.39050131926122,
    87.59894459102902,
    88.65435356200528,
    88.65435356200528,
    89.70976253298153,
    87.0712401055409,
    89.1820580474934,
    88.39050131926122,
    88.91820580474933,
    89.1820580474934,
    89.9736147757256,
    88.65435356200528,
    90.50131926121372,
    89.70976253298153,
    89.9736147757256,
    88.65435356200528,
    89.44591029023746,
    91.55672823218997,
    89.44591029023746,
    88.91820580474933,
    88.91820580474933,
    89.44591029023746,
    90.23746701846966,
    90.50131926121372,
    90.50131926121372,
    90.50131926121372,
    89.9736147757256,
    91.2928759894459
  ]
}